ID,Date,Country,Game,Rank
0,12/24/20,US,Call of Duty®: Modern Warfare®,1
1,12/24/20,US,Fortnite,2
2,12/24/20,US,Grand Theft Auto V,3
3,12/24/20,US,Rocket League®,4
4,12/24/20,US,Tom Clancy's Rainbow Six Siege,5
5,12/24/20,US,Cyberpunk 2077,6
6,12/24/20,US,Apex Legends™,7
7,12/24/20,US,Minecraft,8
8,12/24/20,US,Destiny 2,9
9,12/24/20,US,ROBLOX,10
10,12/24/20,US,NBA 2K21,11
11,12/24/20,US,Madden NFL 21 Xbox One,12
12,12/24/20,US,ARK: Survival Evolved,13
13,12/24/20,US,Red Dead Redemption 2,14
14,12/24/20,US,Forza Horizon 4,15
15,12/24/20,US,Overwatch® Origins Edition,16
16,12/24/20,US,Call of Duty®: Black Ops Cold War - Xbox Series X|S,17
17,12/24/20,US,NBA 2K20,18
18,12/24/20,US,NBA 2K21 Next Generation,19
19,12/24/20,US,The Elder Scrolls V: Skyrim Special Edition,20
20,12/24/20,US,Madden NFL 20,21
21,12/24/20,US,Dead by Daylight: Special Edition,22
22,12/24/20,US,PLAYERUNKNOWN'S BATTLEGROUNDS,23
23,12/24/20,US,FIFA 21 Xbox One,24
24,12/24/20,US,STAR WARS™ Battlefront™ II,25
25,12/24/20,US,Fallout 76,26
26,12/24/20,US,SMITE,27
27,12/24/20,US,FOR HONOR™ Standard Edition,28
28,12/24/20,US,Gears 5,29
29,12/24/20,US,STAR WARS Jedi: Fallen Order™,30
30,12/24/20,US,The Elder Scrolls Online: Tamriel Unlimited,31
31,12/24/20,US,Halo: The Master Chief Collection,32
32,12/24/20,US,Sea of Thieves,33
33,12/24/20,US,Rec Room,34
34,12/24/20,US,The Sims™ 4,35
35,12/24/20,US,Battlefield™ V,36
36,12/24/20,US,Call of Duty®: Black Ops 4,37
37,12/24/20,US,Call of Duty: Black Ops III,38
38,12/24/20,US,Halo 5: Guardians,39
39,12/24/20,US,Warframe,40
40,12/24/20,US,Fallout 4,41
41,12/24/20,US,Brawlhalla,42
42,12/24/20,US,Skate 3,43
43,12/24/20,US,Assassin's Creed® Odyssey,44
44,12/24/20,US,Mortal Kombat 11,45
45,12/24/20,US,Borderlands 3,46
46,12/24/20,US,DayZ,47
47,12/24/20,US,Rogue Company,48
48,12/24/20,US,Need for Speed™ Heat,49
49,12/24/20,US,MONSTER HUNTER: WORLD™,50
50,12/24/20,UK,Grand Theft Auto V,1
51,12/24/20,UK,Fortnite,2
52,12/24/20,UK,Call of Duty®: Modern Warfare®,3
53,12/24/20,UK,FIFA 21 Xbox One,4
54,12/24/20,UK,Rocket League®,5
55,12/24/20,UK,Tom Clancy's Rainbow Six Siege,6
56,12/24/20,UK,Minecraft,7
57,12/24/20,UK,Cyberpunk 2077,8
58,12/24/20,UK,ROBLOX,9
59,12/24/20,UK,Destiny 2,10
60,12/24/20,UK,Forza Horizon 4,11
61,12/24/20,UK,ARK: Survival Evolved,12
62,12/24/20,UK,Apex Legends™,13
63,12/24/20,UK,Call of Duty®: Black Ops Cold War - Xbox Series X|S,14
64,12/24/20,UK,Red Dead Redemption 2,15
65,12/24/20,UK,FIFA 21 Xbox Series X|S,16
66,12/24/20,UK,Overwatch® Origins Edition,17
67,12/24/20,UK,EA SPORTS™ FIFA 20,18
68,12/24/20,UK,The Elder Scrolls V: Skyrim Special Edition,19
69,12/24/20,UK,STAR WARS™ Battlefront™ II,20
70,12/24/20,UK,Dead by Daylight: Special Edition,21
71,12/24/20,UK,F1 2020,22
72,12/24/20,UK,Football Manager 2021 Xbox Edition,23
73,12/24/20,UK,Rec Room,24
74,12/24/20,UK,Sea of Thieves,25
75,12/24/20,UK,Gears 5,26
76,12/24/20,UK,STAR WARS Jedi: Fallen Order™,27
77,12/24/20,UK,Fallout 76,28
78,12/24/20,UK,PLAYERUNKNOWN'S BATTLEGROUNDS,29
79,12/24/20,UK,Battlefield™ V,30
80,12/24/20,UK,The Sims™ 4,31
81,12/24/20,UK,FOR HONOR™ Standard Edition,32
82,12/24/20,UK,DayZ,33
83,12/24/20,UK,The Elder Scrolls Online: Tamriel Unlimited,34
84,12/24/20,UK,Assassin's Creed® Odyssey,35
85,12/24/20,UK,Skate 3,36
86,12/24/20,UK,NBA 2K21,37
87,12/24/20,UK,Halo: The Master Chief Collection,38
88,12/24/20,UK,World of Tanks,39
89,12/24/20,UK,Farming Simulator 19,40
90,12/24/20,UK,Fallout 4,41
91,12/24/20,UK,Call of Duty: Black Ops III,42
92,12/24/20,UK,SMITE,43
93,12/24/20,UK,Forza Motorsport 7,44
94,12/24/20,UK,Warframe,45
95,12/24/20,UK,Watch Dogs: Legion,46
96,12/24/20,UK,EA SPORTS™ UFC® 3,47
97,12/24/20,UK,Call of Duty®: Black Ops 4,48
98,12/24/20,UK,Tom Clancy's The Division® 2,49
99,12/24/20,UK,Control,50
100,12/24/20,Canada,Call of Duty®: Modern Warfare®,1
101,12/24/20,Canada,Fortnite,2
102,12/24/20,Canada,Grand Theft Auto V,3
103,12/24/20,Canada,Rocket League®,4
104,12/24/20,Canada,Cyberpunk 2077,5
105,12/24/20,Canada,Tom Clancy's Rainbow Six Siege,6
106,12/24/20,Canada,Minecraft,7
107,12/24/20,Canada,Apex Legends™,8
108,12/24/20,Canada,Destiny 2,9
109,12/24/20,Canada,ROBLOX,10
110,12/24/20,Canada,ARK: Survival Evolved,11
111,12/24/20,Canada,Call of Duty®: Black Ops Cold War - Xbox Series X|S,12
112,12/24/20,Canada,Forza Horizon 4,13
113,12/24/20,Canada,Red Dead Redemption 2,14
114,12/24/20,Canada,NBA 2K21,15
115,12/24/20,Canada,The Elder Scrolls V: Skyrim Special Edition,16
116,12/24/20,Canada,Overwatch® Origins Edition,17
117,12/24/20,Canada,PLAYERUNKNOWN'S BATTLEGROUNDS,18
118,12/24/20,Canada,FIFA 21 Xbox One,19
119,12/24/20,Canada,Dead by Daylight: Special Edition,20
120,12/24/20,Canada,SnowRunner,21
121,12/24/20,Canada,Fallout 76,22
122,12/24/20,Canada,Gears 5,23
123,12/24/20,Canada,STAR WARS™ Battlefront™ II,24
124,12/24/20,Canada,NHL® 20,25
125,12/24/20,Canada,Halo: The Master Chief Collection,26
126,12/24/20,Canada,Sea of Thieves,27
127,12/24/20,Canada,The Elder Scrolls Online: Tamriel Unlimited,28
128,12/24/20,Canada,STAR WARS Jedi: Fallen Order™,29
129,12/24/20,Canada,SMITE,30
130,12/24/20,Canada,Battlefield™ V,31
131,12/24/20,Canada,Assassin's Creed® Odyssey,32
132,12/24/20,Canada,NBA 2K21 Next Generation,33
133,12/24/20,Canada,FOR HONOR™ Standard Edition,34
134,12/24/20,Canada,Madden NFL 21 Xbox One,35
135,12/24/20,Canada,Fallout 4,36
136,12/24/20,Canada,Halo 5: Guardians,37
137,12/24/20,Canada,NBA 2K20,38
138,12/24/20,Canada,Rec Room,39
139,12/24/20,Canada,The Sims™ 4,40
140,12/24/20,Canada,Farming Simulator 19,41
141,12/24/20,Canada,World of Tanks,42
142,12/24/20,Canada,Call of Duty®: Black Ops 4,43
143,12/24/20,Canada,DayZ,44
144,12/24/20,Canada,Borderlands 3,45
145,12/24/20,Canada,Call of Duty: Black Ops III,46
146,12/24/20,Canada,Warframe,47
147,12/24/20,Canada,Skate 3,48
148,12/24/20,Canada,Madden NFL 20,49
149,12/24/20,Canada,MONSTER HUNTER: WORLD™,50
150,12/24/20,France,Fortnite,1
151,12/24/20,France,Call of Duty®: Modern Warfare®,2
152,12/24/20,France,Rocket League®,3
153,12/24/20,France,Grand Theft Auto V,4
154,12/24/20,France,FIFA 21 Xbox One,5
155,12/24/20,France,Cyberpunk 2077,6
156,12/24/20,France,Tom Clancy's Rainbow Six Siege,7
157,12/24/20,France,Forza Horizon 4,8
158,12/24/20,France,Apex Legends™,9
159,12/24/20,France,Destiny 2,10
160,12/24/20,France,ROBLOX,11
161,12/24/20,France,ARK: Survival Evolved,12
162,12/24/20,France,Minecraft,13
163,12/24/20,France,Call of Duty®: Black Ops Cold War - Xbox Series X|S,14
164,12/24/20,France,EA SPORTS™ FIFA 20,15
165,12/24/20,France,Red Dead Redemption 2,16
166,12/24/20,France,Gears 5,17
167,12/24/20,France,Assassin's Creed® Odyssey,18
168,12/24/20,France,FIFA 21 Xbox Series X|S,19
169,12/24/20,France,The Elder Scrolls V: Skyrim Special Edition,20
170,12/24/20,France,Battlefield™ V,21
171,12/24/20,France,Sea of Thieves,22
172,12/24/20,France,Overwatch® Origins Edition,23
173,12/24/20,France,Farming Simulator 19,24
174,12/24/20,France,PLAYERUNKNOWN'S BATTLEGROUNDS,25
175,12/24/20,France,STAR WARS Jedi: Fallen Order™,26
176,12/24/20,France,F1 2020,27
177,12/24/20,France,Forza Motorsport 7,28
178,12/24/20,France,NBA 2K21,29
179,12/24/20,France,Dead by Daylight : Édition spéciale,30
180,12/24/20,France,DRAGON QUEST® XI S : Les Combattants de la destinée - Édition ultime,31
181,12/24/20,France,World of Tanks,32
182,12/24/20,France,Immortals Fenyx Rising™,33
183,12/24/20,France,The Elder Scrolls Online: Tamriel Unlimited,34
184,12/24/20,France,Fallout 76,35
185,12/24/20,France,Les Sims™ 4,36
186,12/24/20,France,STAR WARS™ Battlefront™ II,37
187,12/24/20,France,FIFA 19,38
188,12/24/20,France,DayZ,39
189,12/24/20,France,Watch Dogs: Legion,40
190,12/24/20,France,Call of Duty®: Black Ops 4,41
191,12/24/20,France,Tom Clancy's The Division® 2,42
192,12/24/20,France,Warframe,43
193,12/24/20,France,Assassin's Creed® Origins,44
194,12/24/20,France,MONSTER HUNTER: WORLD™,45
195,12/24/20,France,Rogue Company,46
196,12/24/20,France,FOR HONOR™ Standard Edition,47
197,12/24/20,France,Control,48
198,12/24/20,France,Need for Speed™ Heat,49
199,12/24/20,France,Call of Duty: Black Ops III,50
200,12/24/20,Mexico,Fortnite,1
201,12/24/20,Mexico,Call of Duty®: Modern Warfare®,2
202,12/24/20,Mexico,Grand Theft Auto V,3
203,12/24/20,Mexico,Gears 5,4
204,12/24/20,Mexico,Rocket League®,5
205,12/24/20,Mexico,Apex Legends™,6
206,12/24/20,Mexico,Tom Clancy's Rainbow Six Siege,7
207,12/24/20,Mexico,FIFA 21 Xbox One,8
208,12/24/20,Mexico,EA SPORTS™ FIFA 20,9
209,12/24/20,Mexico,Minecraft,10
210,12/24/20,Mexico,Destiny 2,11
211,12/24/20,Mexico,ROBLOX,12
212,12/24/20,Mexico,Forza Horizon 4,13
213,12/24/20,Mexico,Halo 5: Guardians,14
214,12/24/20,Mexico,ARK: Survival Evolved,15
215,12/24/20,Mexico,Cyberpunk 2077,16
216,12/24/20,Mexico,Edición especial de Dead by Daylight,17
217,12/24/20,Mexico,Red Dead Redemption 2,18
218,12/24/20,Mexico,Halo: la colección Jefe Maestro,19
219,12/24/20,Mexico,STAR WARS Jedi: La Orden caída™,20
220,12/24/20,Mexico,Overwatch®: Origins Edition,21
221,12/24/20,Mexico,STAR WARS™ Battlefront™ II,22
222,12/24/20,Mexico,FIFA 19,23
223,12/24/20,Mexico,Gears of War 4,24
224,12/24/20,Mexico,The Elder Scrolls V: Skyrim Special Edition,25
225,12/24/20,Mexico,SMITE,26
226,12/24/20,Mexico,PLAYERUNKNOWN'S BATTLEGROUNDS,27
227,12/24/20,Mexico,Battlefield™ V,28
228,12/24/20,Mexico,Plants vs. Zombies™ Garden Warfare 2,29
229,12/24/20,Mexico,Assassin's Creed® Odyssey,30
230,12/24/20,Mexico,Mortal Kombat 11,31
231,12/24/20,Mexico,FIFA 18,32
232,12/24/20,Mexico,Call of Duty®: Black Ops Cold War - Xbox Series X|S,33
233,12/24/20,Mexico,Plants vs. Zombies™: La Batalla de Neighborville,34
234,12/24/20,Mexico,Call of Duty: Black Ops III,35
235,12/24/20,Mexico,FOR HONOR™ Standard Edition,36
236,12/24/20,Mexico,FIFA 21 PARA Xbox Series X|S,37
237,12/24/20,Mexico,DOOM Eternal (BATTLEMODE),38
238,12/24/20,Mexico,DRAGON BALL FIGHTERZ,39
239,12/24/20,Mexico,Call of Duty®: Black Ops 4,40
240,12/24/20,Mexico,Need for Speed™ Heat,41
241,12/24/20,Mexico,Titanfall™ 2,42
242,12/24/20,Mexico,Warframe,43
243,12/24/20,Mexico,EA SPORTS™ UFC® 3,44
244,12/24/20,Mexico,Rogue Company,45
245,12/24/20,Mexico,Control,46
246,12/24/20,Mexico,MONSTER HUNTER: WORLD™,47
247,12/24/20,Mexico,Crash™ Team Racing Nitro-Fueled,48
248,12/24/20,Mexico,F1® 2019,49
249,12/24/20,Mexico,Gears of War 3,50
250,12/24/20,Austrialia,Fortnite,1
251,12/24/20,Austrialia,Grand Theft Auto V,2
252,12/24/20,Austrialia,Call of Duty®: Modern Warfare®,3
253,12/24/20,Austrialia,Rocket League®,4
254,12/24/20,Austrialia,Tom Clancy's Rainbow Six Siege,5
255,12/24/20,Austrialia,Cyberpunk 2077,6
256,12/24/20,Austrialia,Minecraft,7
257,12/24/20,Austrialia,Apex Legends™,8
258,12/24/20,Austrialia,Destiny 2,9
259,12/24/20,Austrialia,Forza Horizon 4,10
260,12/24/20,Austrialia,FIFA 21 Xbox One,11
261,12/24/20,Austrialia,ROBLOX,12
262,12/24/20,Austrialia,ARK: Survival Evolved,13
263,12/24/20,Austrialia,NBA 2K21,14
264,12/24/20,Austrialia,Red Dead Redemption 2,15
265,12/24/20,Austrialia,Call of Duty®: Black Ops Cold War - Xbox Series X|S,16
266,12/24/20,Austrialia,Overwatch® Origins Edition,17
267,12/24/20,Austrialia,The Elder Scrolls V: Skyrim Special Edition,18
268,12/24/20,Austrialia,STAR WARS™ Battlefront™ II,19
269,12/24/20,Austrialia,Dead by Daylight: Special Edition,20
270,12/24/20,Austrialia,PLAYERUNKNOWN'S BATTLEGROUNDS,21
271,12/24/20,Austrialia,Sea of Thieves,22
272,12/24/20,Austrialia,Fallout 76,23
273,12/24/20,Austrialia,Halo: The Master Chief Collection,24
274,12/24/20,Austrialia,STAR WARS Jedi: Fallen Order™,25
275,12/24/20,Austrialia,Battlefield™ V,26
276,12/24/20,Austrialia,Skate 3,27
277,12/24/20,Austrialia,The Elder Scrolls Online: Tamriel Unlimited,28
278,12/24/20,Austrialia,NBA 2K20,29
279,12/24/20,Austrialia,NBA 2K21 Next Generation,30
280,12/24/20,Austrialia,FOR HONOR™ Standard Edition,31
281,12/24/20,Austrialia,EA SPORTS™ FIFA 20,32
282,12/24/20,Austrialia,FIFA 21 Xbox Series X|S,33
283,12/24/20,Austrialia,Forza Horizon 3,34
284,12/24/20,Austrialia,Rec Room,35
285,12/24/20,Austrialia,Assassin's Creed® Odyssey,36
286,12/24/20,Austrialia,Cricket 19,37
287,12/24/20,Austrialia,Gears 5,38
288,12/24/20,Austrialia,Forza Motorsport 7,39
289,12/24/20,Austrialia,Fallout 4,40
290,12/24/20,Austrialia,EA SPORTS™ UFC® 3,41
291,12/24/20,Austrialia,Halo 5: Guardians,42
292,12/24/20,Austrialia,Need for Speed™ Heat,43
293,12/24/20,Austrialia,The Sims™ 4,44
294,12/24/20,Austrialia,DayZ,45
295,12/24/20,Austrialia,SnowRunner,46
296,12/24/20,Austrialia,Warframe,47
297,12/24/20,Austrialia,Call of Duty®: Black Ops 4,48
298,12/24/20,Austrialia,Borderlands 3,49
299,12/24/20,Austrialia,Call of Duty: Black Ops III,50
300,12/24/20,Germany,Fortnite,1
301,12/24/20,Germany,Grand Theft Auto V,2
302,12/24/20,Germany,Call of Duty®: Modern Warfare®,3
303,12/24/20,Germany,Cyberpunk 2077,4
304,12/24/20,Germany,FIFA 21 Xbox One,5
305,12/24/20,Germany,Rocket League®,6
306,12/24/20,Germany,Tom Clancy's Rainbow Six Siege,7
307,12/24/20,Germany,Forza Horizon 4,8
308,12/24/20,Germany,Destiny 2,9
309,12/24/20,Germany,Call of Duty®: Black Ops Cold War - Xbox Series X|S,10
310,12/24/20,Germany,Minecraft,11
311,12/24/20,Germany,ARK: Survival Evolved,12
312,12/24/20,Germany,Apex Legends™,13
313,12/24/20,Germany,Red Dead Redemption 2,14
314,12/24/20,Germany,FIFA 21 Xbox Series X|S,15
315,12/24/20,Germany,EA SPORTS™ FIFA 20,16
316,12/24/20,Germany,ROBLOX,17
317,12/24/20,Germany,Landwirtschafts-Simulator 19,18
318,12/24/20,Germany,World of Tanks,19
319,12/24/20,Germany,Battlefield™ V,20
320,12/24/20,Germany,Gears 5,21
321,12/24/20,Germany,The Elder Scrolls V: Skyrim Special Edition,22
322,12/24/20,Germany,The Elder Scrolls Online: Tamriel Unlimited,23
323,12/24/20,Germany,Assassin's Creed® Odyssey,24
324,12/24/20,Germany,F1 2020,25
325,12/24/20,Germany,Dead by Daylight: Special Edition,26
326,12/24/20,Germany,Fallout 76,27
327,12/24/20,Germany,STAR WARS Jedi: Fallen Order™,28
328,12/24/20,Germany,Tom Clancy's The Division® 2,29
329,12/24/20,Germany,STAR WARS™ Battlefront™ II,30
330,12/24/20,Germany,Forza Motorsport 7,31
331,12/24/20,Germany,Need for Speed™ Heat,32
332,12/24/20,Germany,Sea of Thieves,33
333,12/24/20,Germany,PLAYERUNKNOWN'S BATTLEGROUNDS,34
334,12/24/20,Germany,World of Warships: Legends,35
335,12/24/20,Germany,Immortals Fenyx Rising™,36
336,12/24/20,Germany,Die Sims™ 4,37
337,12/24/20,Germany,Overwatch® Origins Edition,38
338,12/24/20,Germany,The Witcher 3: Wild Hunt,39
339,12/24/20,Germany,DayZ,40
340,12/24/20,Germany,DRAGON QUEST® XI S: Streiter des Schicksals - Definitive Edition,41
341,12/24/20,Germany,Call of Duty®: Black Ops 4,42
342,12/24/20,Germany,Black Desert,43
343,12/24/20,Germany,Borderlands 3,44
344,12/24/20,Germany,Halo: The Master Chief Collection,45
345,12/24/20,Germany,Assassin's Creed® Origins,46
346,12/24/20,Germany,MONSTER HUNTER: WORLD™,47
347,12/24/20,Germany,Warframe,48
348,12/24/20,Germany,FOR HONOR™ Standard Edition,49
349,12/24/20,Germany,Control,50
350,12/24/20,Brazil,Fortnite,1
351,12/24/20,Brazil,Call of Duty®: Modern Warfare®,2
352,12/24/20,Brazil,Grand Theft Auto V,3
353,12/24/20,Brazil,Tom Clancy's Rainbow Six Siege,4
354,12/24/20,Brazil,Rocket League®,5
355,12/24/20,Brazil,FIFA 21 Xbox One,6
356,12/24/20,Brazil,EA SPORTS™ FIFA 20,7
357,12/24/20,Brazil,ROBLOX,8
358,12/24/20,Brazil,Minecraft,9
359,12/24/20,Brazil,Cyberpunk 2077,10
360,12/24/20,Brazil,Forza Horizon 4,11
361,12/24/20,Brazil,eFootball PES 2021 SEASON UPDATE,12
362,12/24/20,Brazil,Apex Legends™,13
363,12/24/20,Brazil,Destiny 2,14
364,12/24/20,Brazil,Red Dead Redemption 2,15
365,12/24/20,Brazil,The Elder Scrolls V: Skyrim Special Edition,16
366,12/24/20,Brazil,Dead by Daylight: Edição Especial,17
367,12/24/20,Brazil,PLAYERUNKNOWN'S BATTLEGROUNDS,18
368,12/24/20,Brazil,ARK: Survival Evolved,19
369,12/24/20,Brazil,eFootball PES 2020,20
370,12/24/20,Brazil,STAR WARS Jedi: Fallen Order™,21
371,12/24/20,Brazil,Battlefield™ V,22
372,12/24/20,Brazil,Assassin's Creed® Odyssey,23
373,12/24/20,Brazil,Overwatch®: Edição Origins,24
374,12/24/20,Brazil,Gears 5,25
375,12/24/20,Brazil,The Witcher 3: Wild Hunt,26
376,12/24/20,Brazil,FIFA 19,27
377,12/24/20,Brazil,Mortal Kombat 11,28
378,12/24/20,Brazil,NARUTO SHIPPUDEN™: Ultimate Ninja® STORM 4,29
379,12/24/20,Brazil,The Sims™ 4,30
380,12/24/20,Brazil,Control,31
381,12/24/20,Brazil,Sea of Thieves,32
382,12/24/20,Brazil,Tom Clancy's The Division® 2,33
383,12/24/20,Brazil,Need for Speed™ Heat,34
384,12/24/20,Brazil,Battlefield 4,35
385,12/24/20,Brazil,SMITE,36
386,12/24/20,Brazil,Forza Motorsport 7,37
387,12/24/20,Brazil,Rogue Company,38
388,12/24/20,Brazil,F1® 2019,39
389,12/24/20,Brazil,EA SPORTS™ UFC® 3,40
390,12/24/20,Brazil,STAR WARS™ Battlefront™ II,41
391,12/24/20,Brazil,Batman™: Arkham Knight,42
392,12/24/20,Brazil,Brawlhalla,43
393,12/24/20,Brazil,Warframe,44
394,12/24/20,Brazil,Assassin's Creed® Origins,45
395,12/24/20,Brazil,Minecraft Dungeons,46
396,12/24/20,Brazil,Battlefield™ 1,47
397,12/24/20,Brazil,Plants vs. Zombies™: Batalha por Neighborville,48
398,12/24/20,Brazil,Plants vs. Zombies™ Garden Warfare 2,49
399,12/24/20,Brazil,The Witcher 3: Wild Hunt – Complete Edition,50
400,12/24/20,Ireland,Fortnite,1
401,12/24/20,Ireland,Grand Theft Auto V,2
402,12/24/20,Ireland,Rocket League®,3
403,12/24/20,Ireland,FIFA 21 Xbox One,4
404,12/24/20,Ireland,Call of Duty®: Modern Warfare®,5
405,12/24/20,Ireland,Minecraft,6
406,12/24/20,Ireland,Tom Clancy's Rainbow Six Siege,7
407,12/24/20,Ireland,ROBLOX,8
408,12/24/20,Ireland,Cyberpunk 2077,9
409,12/24/20,Ireland,Destiny 2,10
410,12/24/20,Ireland,Forza Horizon 4,11
411,12/24/20,Ireland,Apex Legends™,12
412,12/24/20,Ireland,Red Dead Redemption 2,13
413,12/24/20,Ireland,EA SPORTS™ FIFA 20,14
414,12/24/20,Ireland,ARK: Survival Evolved,15
415,12/24/20,Ireland,Call of Duty®: Black Ops Cold War - Xbox Series X|S,16
416,12/24/20,Ireland,Overwatch® Origins Edition,17
417,12/24/20,Ireland,FIFA 21 Xbox Series X|S,18
418,12/24/20,Ireland,Farming Simulator 19,19
419,12/24/20,Ireland,STAR WARS™ Battlefront™ II,20
420,12/24/20,Ireland,The Elder Scrolls V: Skyrim Special Edition,21
421,12/24/20,Ireland,Rec Room,22
422,12/24/20,Ireland,STAR WARS Jedi: Fallen Order™,23
423,12/24/20,Ireland,NBA 2K21,24
424,12/24/20,Ireland,PLAYERUNKNOWN'S BATTLEGROUNDS,25
425,12/24/20,Ireland,Sea of Thieves,26
426,12/24/20,Ireland,Battlefield™ V,27
427,12/24/20,Ireland,Dead by Daylight: Special Edition,28
428,12/24/20,Ireland,Gears 5,29
429,12/24/20,Ireland,FOR HONOR™ Standard Edition,30
430,12/24/20,Ireland,Halo: The Master Chief Collection,31
431,12/24/20,Ireland,F1 2020,32
432,12/24/20,Ireland,DayZ,33
433,12/24/20,Ireland,EA SPORTS™ UFC® 3,34
434,12/24/20,Ireland,Assassin's Creed® Odyssey,35
435,12/24/20,Ireland,The Sims™ 4,36
436,12/24/20,Ireland,Skate 3,37
437,12/24/20,Ireland,Football Manager 2021 Xbox Edition,38
438,12/24/20,Ireland,Halo 5: Guardians,39
439,12/24/20,Ireland,FIFA 19,40
440,12/24/20,Ireland,Call of Duty: Black Ops III,41
441,12/24/20,Ireland,Fallout 76,42
442,12/24/20,Ireland,World of Tanks,43
443,12/24/20,Ireland,Terraria,44
444,12/24/20,Ireland,Fallout 4,45
445,12/24/20,Ireland,SMITE,46
446,12/24/20,Ireland,War Thunder,47
447,12/24/20,Ireland,The Witcher 3: Wild Hunt,48
448,12/24/20,Ireland,NBA 2K20,49
449,12/24/20,Ireland,Forza Motorsport 7,50
450,12/24/20,Italy,Call of Duty®: Modern Warfare®,1
451,12/24/20,Italy,Fortnite,2
452,12/24/20,Italy,FIFA 21 Xbox One,3
453,12/24/20,Italy,Grand Theft Auto V,4
454,12/24/20,Italy,Rocket League®,5
455,12/24/20,Italy,Cyberpunk 2077,6
456,12/24/20,Italy,Tom Clancy's Rainbow Six Siege,7
457,12/24/20,Italy,Destiny 2,8
458,12/24/20,Italy,Forza Horizon 4,9
459,12/24/20,Italy,EA SPORTS™ FIFA 20,10
460,12/24/20,Italy,Apex Legends™,11
461,12/24/20,Italy,Gears 5,12
462,12/24/20,Italy,FIFA 21 Xbox Series X|S,13
463,12/24/20,Italy,Minecraft,14
464,12/24/20,Italy,Call of Duty®: Black Ops Cold War - Xbox Series X|S,15
465,12/24/20,Italy,Red Dead Redemption 2,16
466,12/24/20,Italy,eFootball PES 2021 SEASON UPDATE,17
467,12/24/20,Italy,ROBLOX,18
468,12/24/20,Italy,The Elder Scrolls V: Skyrim Special Edition,19
469,12/24/20,Italy,Assassin's Creed® Odyssey,20
470,12/24/20,Italy,F1 2020,21
471,12/24/20,Italy,Battlefield™ V,22
472,12/24/20,Italy,STAR WARS Jedi: Fallen Order™,23
473,12/24/20,Italy,Sea of Thieves,24
474,12/24/20,Italy,MotoGP™20,25
475,12/24/20,Italy,Control,26
476,12/24/20,Italy,F1® 2019,27
477,12/24/20,Italy,Forza Motorsport 7,28
478,12/24/20,Italy,NBA 2K21,29
479,12/24/20,Italy,ARK: Survival Evolved,30
480,12/24/20,Italy,FIFA 19,31
481,12/24/20,Italy,DRAGON QUEST® XI S: Echi di un'era perduta - Edizione definitiva,32
482,12/24/20,Italy,Fallout 76,33
483,12/24/20,Italy,Dead by Daylight: Edizione speciale,34
484,12/24/20,Italy,FOR HONOR™ Standard Edition,35
485,12/24/20,Italy,Halo: The Master Chief Collection,36
486,12/24/20,Italy,The Witcher 3: Wild Hunt,37
487,12/24/20,Italy,STAR WARS™ Battlefront™ II,38
488,12/24/20,Italy,Assassin's Creed® Origins,39
489,12/24/20,Italy,Warframe,40
490,12/24/20,Italy,Need for Speed™ Heat,41
491,12/24/20,Italy,Immortals Fenyx Rising™,42
492,12/24/20,Italy,Tom Clancy's The Division® 2,43
493,12/24/20,Italy,Farming Simulator 19,44
494,12/24/20,Italy,Halo 5: Guardians,45
495,12/24/20,Italy,PLAYERUNKNOWN'S BATTLEGROUNDS,46
496,12/24/20,Italy,MONSTER HUNTER: WORLD™,47
497,12/24/20,Italy,The Sims™ 4,48
498,12/24/20,Italy,World of Tanks,49
499,12/24/20,Italy,NBA 2K21 Next Generation,50
500,12/24/20,Sweden,Fortnite,1
501,12/24/20,Sweden,Grand Theft Auto V,2
502,12/24/20,Sweden,Call of Duty®: Modern Warfare®,3
503,12/24/20,Sweden,FIFA 21 Xbox One,4
504,12/24/20,Sweden,Rocket League®,5
505,12/24/20,Sweden,Cyberpunk 2077,6
506,12/24/20,Sweden,Forza Horizon 4,7
507,12/24/20,Sweden,Minecraft,8
508,12/24/20,Sweden,ROBLOX,9
509,12/24/20,Sweden,Tom Clancy's Rainbow Six Siege,10
510,12/24/20,Sweden,Destiny 2,11
511,12/24/20,Sweden,Red Dead Redemption 2,12
512,12/24/20,Sweden,Apex Legends™,13
513,12/24/20,Sweden,Overwatch® Origins Edition,14
514,12/24/20,Sweden,ARK: Survival Evolved,15
515,12/24/20,Sweden,EA SPORTS™ FIFA 20,16
516,12/24/20,Sweden,Battlefield™ V,17
517,12/24/20,Sweden,Call of Duty®: Black Ops Cold War - Xbox Series X|S,18
518,12/24/20,Sweden,STAR WARS™ Battlefront™ II,19
519,12/24/20,Sweden,FIFA 21 Xbox Series X|S,20
520,12/24/20,Sweden,Farming Simulator 19,21
521,12/24/20,Sweden,STAR WARS Jedi: Fallen Order™,22
522,12/24/20,Sweden,The Elder Scrolls V: Skyrim Special Edition,23
523,12/24/20,Sweden,NBA 2K21,24
524,12/24/20,Sweden,Sea of Thieves,25
525,12/24/20,Sweden,Gears 5,26
526,12/24/20,Sweden,Assassin's Creed® Odyssey,27
527,12/24/20,Sweden,PLAYERUNKNOWN'S BATTLEGROUNDS,28
528,12/24/20,Sweden,NHL™ 20,29
529,12/24/20,Sweden,Halo: The Master Chief Collection,30
530,12/24/20,Sweden,The Sims™ 4,31
531,12/24/20,Sweden,FOR HONOR™ Standard Edition,32
532,12/24/20,Sweden,F1 2020,33
533,12/24/20,Sweden,Fallout 76,34
534,12/24/20,Sweden,Fallout 4,35
535,12/24/20,Sweden,Skate 3,36
536,12/24/20,Sweden,Need for Speed™ Heat,37
537,12/24/20,Sweden,World of Tanks,38
538,12/24/20,Sweden,Forza Motorsport 7,39
539,12/24/20,Sweden,The Crew® 2 Standard Edition,40
540,12/24/20,Sweden,Tom Clancy's The Division® 2,41
541,12/24/20,Sweden,theHunter: Call of the Wild,42
542,12/24/20,Sweden,Dead by Daylight: Special Edition,43
543,12/24/20,Sweden,The Witcher 3: Wild Hunt,44
544,12/24/20,Sweden,Call of Duty®: Black Ops 4,45
545,12/24/20,Sweden,War Thunder,46
546,12/24/20,Sweden,Battlefield™ 1,47
547,12/24/20,Sweden,SnowRunner,48
548,12/24/20,Sweden,FIFA 19,49
549,12/24/20,Sweden,The Elder Scrolls Online: Tamriel Unlimited,50
550,12/24/20,Netherlands,Call of Duty®: Modern Warfare®,1
551,12/24/20,Netherlands,Grand Theft Auto V,2
552,12/24/20,Netherlands,Fortnite,3
553,12/24/20,Netherlands,FIFA 21 Xbox One,4
554,12/24/20,Netherlands,Rocket League®,5
555,12/24/20,Netherlands,Cyberpunk 2077,6
556,12/24/20,Netherlands,Forza Horizon 4,7
557,12/24/20,Netherlands,Destiny 2,8
558,12/24/20,Netherlands,Minecraft,9
559,12/24/20,Netherlands,Tom Clancy's Rainbow Six Siege,10
560,12/24/20,Netherlands,F1 2020,11
561,12/24/20,Netherlands,Call of Duty®: Black Ops Cold War - Xbox Series X|S,12
562,12/24/20,Netherlands,Red Dead Redemption 2,13
563,12/24/20,Netherlands,ARK: Survival Evolved,14
564,12/24/20,Netherlands,ROBLOX,15
565,12/24/20,Netherlands,Apex Legends™,16
566,12/24/20,Netherlands,EA SPORTS™ FIFA 20,17
567,12/24/20,Netherlands,Gears 5,18
568,12/24/20,Netherlands,Battlefield™ V,19
569,12/24/20,Netherlands,FIFA 21 Xbox Series X|S,20
570,12/24/20,Netherlands,Assassin's Creed® Odyssey,21
571,12/24/20,Netherlands,The Elder Scrolls V: Skyrim Special Edition,22
572,12/24/20,Netherlands,Farming Simulator 19,23
573,12/24/20,Netherlands,Forza Motorsport 7,24
574,12/24/20,Netherlands,STAR WARS Jedi: Fallen Order™,25
575,12/24/20,Netherlands,De Sims™ 4,26
576,12/24/20,Netherlands,Sea of Thieves,27
577,12/24/20,Netherlands,STAR WARS™ Battlefront™ II,28
578,12/24/20,Netherlands,Overwatch® Origins Edition,29
579,12/24/20,Netherlands,Fallout 76,30
580,12/24/20,Netherlands,PLAYERUNKNOWN'S BATTLEGROUNDS,31
581,12/24/20,Netherlands,Halo: The Master Chief Collection,32
582,12/24/20,Netherlands,The Elder Scrolls Online: Tamriel Unlimited,33
583,12/24/20,Netherlands,The Witcher 3: Wild Hunt,34
584,12/24/20,Netherlands,F1® 2019,35
585,12/24/20,Netherlands,Need for Speed™ Heat,36
586,12/24/20,Netherlands,World of Tanks,37
587,12/24/20,Netherlands,Call of Duty®: Black Ops 4,38
588,12/24/20,Netherlands,Tom Clancy's The Division® 2,39
589,12/24/20,Netherlands,Immortals Fenyx Rising™,40
590,12/24/20,Netherlands,Assassin's Creed® Origins,41
591,12/24/20,Netherlands,Dead by Daylight: Speciale editie,42
592,12/24/20,Netherlands,Warframe,43
593,12/24/20,Netherlands,Watch Dogs Legion,44
594,12/24/20,Netherlands,Control,45
595,12/24/20,Netherlands,Fallout 4,46
596,12/24/20,Netherlands,FIFA 19,47
597,12/24/20,Netherlands,Halo 5: Guardians,48
598,12/24/20,Netherlands,Call of Duty: Black Ops III,49
599,12/24/20,Netherlands,DRAGON QUEST® XI S: Echoes of an Elusive Age™ - Definitive Edition,50
600,12/24/20,Spain,Fortnite,1
601,12/24/20,Spain,Call of Duty®: Modern Warfare®,2
602,12/24/20,Spain,Cyberpunk 2077,3
603,12/24/20,Spain,FIFA 21 Xbox One,4
604,12/24/20,Spain,Grand Theft Auto V,5
605,12/24/20,Spain,Rocket League®,6
606,12/24/20,Spain,Destiny 2,7
607,12/24/20,Spain,Gears 5,8
608,12/24/20,Spain,Forza Horizon 4,9
609,12/24/20,Spain,EA SPORTS™ FIFA 20,10
610,12/24/20,Spain,Tom Clancy's Rainbow Six Siege,11
611,12/24/20,Spain,Apex Legends™,12
612,12/24/20,Spain,Red Dead Redemption 2,13
613,12/24/20,Spain,ARK: Survival Evolved,14
614,12/24/20,Spain,STAR WARS Jedi: Fallen Order™,15
615,12/24/20,Spain,eFootball PES 2021 SEASON UPDATE,16
616,12/24/20,Spain,FIFA 21 PARA Xbox Series X|S,17
617,12/24/20,Spain,Minecraft,18
618,12/24/20,Spain,The Elder Scrolls V: Skyrim Special Edition,19
619,12/24/20,Spain,ROBLOX,20
620,12/24/20,Spain,PLAYERUNKNOWN'S BATTLEGROUNDS,21
621,12/24/20,Spain,Call of Duty®: Black Ops Cold War - Xbox Series X|S,22
622,12/24/20,Spain,Assassin's Creed® Odyssey,23
623,12/24/20,Spain,DRAGON QUEST® XI S: Ecos de un pasado perdido - Edición definitiva,24
624,12/24/20,Spain,Control,25
625,12/24/20,Spain,Battlefield™ V,26
626,12/24/20,Spain,Forza Motorsport 7,27
627,12/24/20,Spain,NBA 2K21,28
628,12/24/20,Spain,MotoGP™20,29
629,12/24/20,Spain,Dead by Daylight: Edición especial,30
630,12/24/20,Spain,World of Tanks,31
631,12/24/20,Spain,Black Desert,32
632,12/24/20,Spain,Tom Clancy's The Division® 2,33
633,12/24/20,Spain,STAR WARS™ Battlefront™ II,34
634,12/24/20,Spain,Sea of Thieves,35
635,12/24/20,Spain,Los Sims™ 4,36
636,12/24/20,Spain,Yakuza: Like a Dragon,37
637,12/24/20,Spain,Fallout 76,38
638,12/24/20,Spain,F1® 2019,39
639,12/24/20,Spain,F1 2020,40
640,12/24/20,Spain,Immortals Fenyx Rising™,41
641,12/24/20,Spain,Assassin's Creed® Origins,42
642,12/24/20,Spain,Halo: la colección Jefe Maestro,43
643,12/24/20,Spain,Overwatch®: Origins Edition,44
644,12/24/20,Spain,FIFA 19,45
645,12/24/20,Spain,SMITE,46
646,12/24/20,Spain,NBA 2K21 de Nueva Generación,47
647,12/24/20,Spain,The Witcher 3: Wild Hunt,48
648,12/24/20,Spain,Need for Speed™ Heat,49
649,12/24/20,Spain,DOOM Eternal (BATTLEMODE),50
650,12/24/20,New Zealand,Fortnite,1
651,12/24/20,New Zealand,Grand Theft Auto V,2
652,12/24/20,New Zealand,Call of Duty®: Modern Warfare®,3
653,12/24/20,New Zealand,Cyberpunk 2077,4
654,12/24/20,New Zealand,Rocket League®,5
655,12/24/20,New Zealand,Tom Clancy's Rainbow Six Siege,6
656,12/24/20,New Zealand,Minecraft,7
657,12/24/20,New Zealand,Forza Horizon 4,8
658,12/24/20,New Zealand,Apex Legends™,9
659,12/24/20,New Zealand,Destiny 2,10
660,12/24/20,New Zealand,FIFA 21 Xbox One,11
661,12/24/20,New Zealand,ROBLOX,12
662,12/24/20,New Zealand,ARK: Survival Evolved,13
663,12/24/20,New Zealand,NBA 2K21,14
664,12/24/20,New Zealand,Red Dead Redemption 2,15
665,12/24/20,New Zealand,The Elder Scrolls V: Skyrim Special Edition,16
666,12/24/20,New Zealand,STAR WARS™ Battlefront™ II,17
667,12/24/20,New Zealand,Overwatch® Origins Edition,18
668,12/24/20,New Zealand,Battlefield™ V,19
669,12/24/20,New Zealand,STAR WARS Jedi: Fallen Order™,20
670,12/24/20,New Zealand,Skate 3,21
671,12/24/20,New Zealand,PLAYERUNKNOWN'S BATTLEGROUNDS,22
672,12/24/20,New Zealand,Fallout 76,23
673,12/24/20,New Zealand,NBA 2K20,24
674,12/24/20,New Zealand,EA SPORTS™ UFC® 3,25
675,12/24/20,New Zealand,Sea of Thieves,26
676,12/24/20,New Zealand,Forza Motorsport 7,27
677,12/24/20,New Zealand,Halo: The Master Chief Collection,28
678,12/24/20,New Zealand,Call of Duty®: Black Ops Cold War - Xbox Series X|S,29
679,12/24/20,New Zealand,EA SPORTS™ FIFA 20,30
680,12/24/20,New Zealand,Dead by Daylight: Special Edition,31
681,12/24/20,New Zealand,Assassin's Creed® Odyssey,32
682,12/24/20,New Zealand,Need for Speed™ Heat,33
683,12/24/20,New Zealand,Farming Simulator 19,34
684,12/24/20,New Zealand,FOR HONOR™ Standard Edition,35
685,12/24/20,New Zealand,The Sims™ 4,36
686,12/24/20,New Zealand,The Elder Scrolls Online: Tamriel Unlimited,37
687,12/24/20,New Zealand,Call of Duty: Black Ops III,38
688,12/24/20,New Zealand,Gears 5,39
689,12/24/20,New Zealand,NBA 2K21 Next Generation,40
690,12/24/20,New Zealand,Warframe,41
691,12/24/20,New Zealand,Forza Horizon 3,42
692,12/24/20,New Zealand,DayZ,43
693,12/24/20,New Zealand,Halo 5: Guardians,44
694,12/24/20,New Zealand,Call of Duty®: Black Ops 4,45
695,12/24/20,New Zealand,Fallout 4,46
696,12/24/20,New Zealand,UFC® 4,47
697,12/24/20,New Zealand,Rec Room,48
698,12/24/20,New Zealand,World of Tanks,49
699,12/24/20,New Zealand,theHunter: Call of the Wild,50
700,12/24/20,Isreal,Fortnite,1
701,12/24/20,Isreal,Grand Theft Auto V,2
702,12/24/20,Isreal,FIFA 21 Xbox One,3
703,12/24/20,Isreal,Rocket League®,4
704,12/24/20,Isreal,Call of Duty®: Modern Warfare®,5
705,12/24/20,Isreal,Forza Horizon 4,6
706,12/24/20,Isreal,Minecraft,7
707,12/24/20,Isreal,Tom Clancy's Rainbow Six Siege,8
708,12/24/20,Isreal,EA SPORTS™ FIFA 20,9
709,12/24/20,Isreal,NBA 2K21,10
710,12/24/20,Isreal,ROBLOX,11
711,12/24/20,Isreal,Cyberpunk 2077,12
712,12/24/20,Isreal,Apex Legends™,13
713,12/24/20,Isreal,FIFA 21 Xbox Series X|S,14
714,12/24/20,Isreal,Red Dead Redemption 2,15
715,12/24/20,Isreal,Overwatch® Origins Edition,16
716,12/24/20,Isreal,FIFA 19,17
717,12/24/20,Isreal,NBA 2K21 Next Generation,18
718,12/24/20,Isreal,Call of Duty®: Black Ops Cold War - Xbox Series X|S,19
719,12/24/20,Isreal,Destiny 2,20
720,12/24/20,Isreal,NBA 2K20,21
721,12/24/20,Isreal,STAR WARS Jedi: Fallen Order™,22
722,12/24/20,Isreal,PLAYERUNKNOWN'S BATTLEGROUNDS,23
723,12/24/20,Isreal,DRAGON BALL XENOVERSE 2,24
724,12/24/20,Isreal,Battlefield™ V,25
725,12/24/20,Isreal,Forza Horizon 3,26
726,12/24/20,Isreal,ARK: Survival Evolved,27
727,12/24/20,Isreal,FIFA 18,28
728,12/24/20,Isreal,Brawlhalla,29
729,12/24/20,Isreal,Sea of Thieves,30
730,12/24/20,Isreal,eFootball PES 2021 SEASON UPDATE,31
731,12/24/20,Isreal,Assassin's Creed® Odyssey,32
732,12/24/20,Isreal,The Crew® 2 Standard Edition,33
733,12/24/20,Isreal,Minecraft Dungeons,34
734,12/24/20,Isreal,Gears 5,35
735,12/24/20,Isreal,STAR WARS™ Battlefront™ II,36
736,12/24/20,Isreal,The Witcher 3: Wild Hunt,37
737,12/24/20,Isreal,Skate 3,38
738,12/24/20,Isreal,Need for Speed™ Heat,39
739,12/24/20,Isreal,FIFA 15,40
740,12/24/20,Isreal,HITMAN™ 2,41
741,12/24/20,Isreal,Mortal Kombat 11,42
742,12/24/20,Isreal,Slime Rancher,43
743,12/24/20,Isreal,The Elder Scrolls V: Skyrim Special Edition,44
744,12/24/20,Isreal,Far Cry® 5,45
745,12/24/20,Isreal,WWE 2K20,46
746,12/24/20,Isreal,EA SPORTS™ UFC® 3,47
747,12/24/20,Isreal,Cuphead,48
748,12/24/20,Isreal,TEKKEN 7,49
749,12/24/20,Isreal,Rayman Legends,50
750,12/24/20,Poland,Fortnite,1
751,12/24/20,Poland,Grand Theft Auto V,2
752,12/24/20,Poland,Cyberpunk 2077,3
753,12/24/20,Poland,FIFA 21 Xbox One,4
754,12/24/20,Poland,Forza Horizon 4,5
755,12/24/20,Poland,Minecraft,6
756,12/24/20,Poland,Call of Duty®: Modern Warfare®,7
757,12/24/20,Poland,EA SPORTS™ FIFA 20,8
758,12/24/20,Poland,Rocket League®,9
759,12/24/20,Poland,ROBLOX,10
760,12/24/20,Poland,Wiedźmin 3: Dziki Gon,11
761,12/24/20,Poland,Tom Clancy's Rainbow Six Siege,12
762,12/24/20,Poland,Wiedźmin 3: Dziki Gon – Edycja Gry Roku,13
763,12/24/20,Poland,Farming Simulator 19,14
764,12/24/20,Poland,Red Dead Redemption 2,15
765,12/24/20,Poland,FIFA 21 Xbox Series X|S,16
766,12/24/20,Poland,World of Tanks,17
767,12/24/20,Poland,STAR WARS Jedi: Upadły zakon™,18
768,12/24/20,Poland,Apex Legends™,19
769,12/24/20,Poland,Battlefield™ V,20
770,12/24/20,Poland,The Elder Scrolls V: Skyrim Special Edition,21
771,12/24/20,Poland,The Sims™ 4,22
772,12/24/20,Poland,Gears 5,23
773,12/24/20,Poland,Need for Speed™ Heat,24
774,12/24/20,Poland,Assassin's Creed® Odyssey,25
775,12/24/20,Poland,Destiny 2,26
776,12/24/20,Poland,FIFA 19,27
777,12/24/20,Poland,Call of Duty®: Black Ops Cold War - Xbox Series X|S,28
778,12/24/20,Poland,Forza Horizon 3,29
779,12/24/20,Poland,EA SPORTS™ UFC® 3,30
780,12/24/20,Poland,STAR WARS™ Battlefront™ II,31
781,12/24/20,Poland,Forza Motorsport 7,32
782,12/24/20,Poland,ARK: Survival Evolved,33
783,12/24/20,Poland,Sea of Thieves,34
784,12/24/20,Poland,FIFA 18,35
785,12/24/20,Poland,Farming Simulator 17,36
786,12/24/20,Poland,Control,37
787,12/24/20,Poland,Assassin's Creed® Origins,38
788,12/24/20,Poland,eFootball PES 2021 SEASON UPDATE,39
789,12/24/20,Poland,Dead by Daylight: Edycja Specjalna,40
790,12/24/20,Poland,Need for Speed™ Payback,41
791,12/24/20,Poland,Minecraft Dungeons,42
792,12/24/20,Poland,Battlefield™ 1,43
793,12/24/20,Poland,Far Cry® 5,44
794,12/24/20,Poland,F1 2020,45
795,12/24/20,Poland,F1® 2019,46
796,12/24/20,Poland,Overwatch® Origins Edition,47
797,12/24/20,Poland,Tom Clancy's The Division® 2,48
798,12/24/20,Poland,Watch Dogs: Legion,49
799,12/24/20,Poland,DOOM Eternal (BATTLEMODE),50
800,12/24/20,Belguim,Fortnite,1
801,12/24/20,Belguim,Grand Theft Auto V,2
802,12/24/20,Belguim,Call of Duty®: Modern Warfare®,3
803,12/24/20,Belguim,Rocket League®,4
804,12/24/20,Belguim,FIFA 21 Xbox One,5
805,12/24/20,Belguim,Cyberpunk 2077,6
806,12/24/20,Belguim,Forza Horizon 4,7
807,12/24/20,Belguim,Tom Clancy's Rainbow Six Siege,8
808,12/24/20,Belguim,Destiny 2,9
809,12/24/20,Belguim,Apex Legends™,10
810,12/24/20,Belguim,ROBLOX,11
811,12/24/20,Belguim,Minecraft,12
812,12/24/20,Belguim,ARK: Survival Evolved,13
813,12/24/20,Belguim,Call of Duty®: Black Ops Cold War - Xbox Series X|S,14
814,12/24/20,Belguim,Red Dead Redemption 2,15
815,12/24/20,Belguim,EA SPORTS™ FIFA 20,16
816,12/24/20,Belguim,F1 2020,17
817,12/24/20,Belguim,Assassin's Creed® Odyssey,18
818,12/24/20,Belguim,FIFA 21 Xbox Series X|S,19
819,12/24/20,Belguim,Gears 5,20
820,12/24/20,Belguim,Battlefield™ V,21
821,12/24/20,Belguim,The Elder Scrolls V: Skyrim Special Edition,22
822,12/24/20,Belguim,Overwatch® Origins Edition,23
823,12/24/20,Belguim,Farming Simulator 19,24
824,12/24/20,Belguim,World of Tanks,25
825,12/24/20,Belguim,STAR WARS Jedi: Fallen Order™,26
826,12/24/20,Belguim,Forza Motorsport 7,27
827,12/24/20,Belguim,NBA 2K21,28
828,12/24/20,Belguim,Sea of Thieves,29
829,12/24/20,Belguim,STAR WARS™ Battlefront™ II,30
830,12/24/20,Belguim,Immortals Fenyx Rising™,31
831,12/24/20,Belguim,Fallout 76,32
832,12/24/20,Belguim,Dead by Daylight: Speciale editie,33
833,12/24/20,Belguim,Tom Clancy's The Division® 2,34
834,12/24/20,Belguim,PLAYERUNKNOWN'S BATTLEGROUNDS,35
835,12/24/20,Belguim,The Elder Scrolls Online: Tamriel Unlimited,36
836,12/24/20,Belguim,Call of Duty®: Black Ops 4,37
837,12/24/20,Belguim,De Sims™ 4,38
838,12/24/20,Belguim,Need for Speed™ Heat,39
839,12/24/20,Belguim,DRAGON QUEST® XI S: Echoes of an Elusive Age™ - Definitive Edition,40
840,12/24/20,Belguim,Control,41
841,12/24/20,Belguim,Assassin's Creed® Origins,42
842,12/24/20,Belguim,Watch Dogs Legion,43
843,12/24/20,Belguim,FOR HONOR™ Standard Edition,44
844,12/24/20,Belguim,eFootball PES 2021 SEASON UPDATE,45
845,12/24/20,Belguim,MONSTER HUNTER: WORLD™,46
846,12/24/20,Belguim,FIFA 19,47
847,12/24/20,Belguim,Halo: The Master Chief Collection,48
848,12/24/20,Belguim,Fallout 4,49
849,12/24/20,Belguim,NBA 2K21 Next Generation,50
850,12/24/20,Norway,Call of Duty®: Modern Warfare®,1
851,12/24/20,Norway,Fortnite,2
852,12/24/20,Norway,Grand Theft Auto V,3
853,12/24/20,Norway,FIFA 21 Xbox One,4
854,12/24/20,Norway,Cyberpunk 2077,5
855,12/24/20,Norway,Rocket League®,6
856,12/24/20,Norway,Forza Horizon 4,7
857,12/24/20,Norway,Destiny 2,8
858,12/24/20,Norway,Minecraft,9
859,12/24/20,Norway,Apex Legends™,10
860,12/24/20,Norway,Red Dead Redemption 2,11
861,12/24/20,Norway,ROBLOX,12
862,12/24/20,Norway,Call of Duty®: Black Ops Cold War - Xbox Series X|S,13
863,12/24/20,Norway,FIFA 21 Xbox Series X|S,14
864,12/24/20,Norway,Tom Clancy's Rainbow Six Siege,15
865,12/24/20,Norway,ARK: Survival Evolved,16
866,12/24/20,Norway,Sea of Thieves,17
867,12/24/20,Norway,Battlefield™ V,18
868,12/24/20,Norway,STAR WARS Jedi: Fallen Order™,19
869,12/24/20,Norway,Overwatch® Origins Edition,20
870,12/24/20,Norway,EA SPORTS™ FIFA 20,21
871,12/24/20,Norway,Farming Simulator 19,22
872,12/24/20,Norway,PLAYERUNKNOWN'S BATTLEGROUNDS,23
873,12/24/20,Norway,Gears 5,24
874,12/24/20,Norway,The Elder Scrolls V: Skyrim Special Edition,25
875,12/24/20,Norway,STAR WARS™ Battlefront™ II,26
876,12/24/20,Norway,Forza Motorsport 7,27
877,12/24/20,Norway,Assassin's Creed® Odyssey,28
878,12/24/20,Norway,Halo: The Master Chief Collection,29
879,12/24/20,Norway,SnowRunner,30
880,12/24/20,Norway,Fallout 76,31
881,12/24/20,Norway,The Elder Scrolls Online: Tamriel Unlimited,32
882,12/24/20,Norway,The Witcher 3: Wild Hunt,33
883,12/24/20,Norway,The Sims™ 4,34
884,12/24/20,Norway,World of Warships: Legends,35
885,12/24/20,Norway,F1 2020,36
886,12/24/20,Norway,World of Tanks,37
887,12/24/20,Norway,Fallout 4,38
888,12/24/20,Norway,Immortals Fenyx Rising™,39
889,12/24/20,Norway,Need for Speed™ Heat,40
890,12/24/20,Norway,Skate 3,41
891,12/24/20,Norway,Tom Clancy's The Division® 2,42
892,12/24/20,Norway,Assassin's Creed® Origins,43
893,12/24/20,Norway,NBA 2K21,44
894,12/24/20,Norway,Tom Clancy’s Ghost Recon® Breakpoint,45
895,12/24/20,Norway,No Man's Sky,46
896,12/24/20,Norway,Forza Horizon 3,47
897,12/24/20,Norway,Dead by Daylight: Special Edition,48
898,12/24/20,Norway,Control,49
899,12/24/20,Norway,theHunter: Call of the Wild,50
900,12/24/20,Finland,Fortnite,1
901,12/24/20,Finland,Call of Duty®: Modern Warfare®,2
902,12/24/20,Finland,Grand Theft Auto V,3
903,12/24/20,Finland,Cyberpunk 2077,4
904,12/24/20,Finland,Forza Horizon 4,5
905,12/24/20,Finland,Rocket League®,6
906,12/24/20,Finland,FIFA 21 Xbox One,7
907,12/24/20,Finland,Minecraft,8
908,12/24/20,Finland,Tom Clancy's Rainbow Six Siege,9
909,12/24/20,Finland,Destiny 2,10
910,12/24/20,Finland,Red Dead Redemption 2,11
911,12/24/20,Finland,Apex Legends™,12
912,12/24/20,Finland,Call of Duty®: Black Ops Cold War - Xbox Series X|S,13
913,12/24/20,Finland,ROBLOX,14
914,12/24/20,Finland,Battlefield™ V,15
915,12/24/20,Finland,PLAYERUNKNOWN'S BATTLEGROUNDS,16
916,12/24/20,Finland,Overwatch® Origins Edition,17
917,12/24/20,Finland,NHL™ 20,18
918,12/24/20,Finland,STAR WARS Jedi: Fallen Order™,19
919,12/24/20,Finland,Fallout 4,20
920,12/24/20,Finland,STAR WARS™ Battlefront™ II,21
921,12/24/20,Finland,The Elder Scrolls V: Skyrim Special Edition,22
922,12/24/20,Finland,World of Tanks,23
923,12/24/20,Finland,The Sims™ 4,24
924,12/24/20,Finland,Assassin's Creed® Odyssey,25
925,12/24/20,Finland,EA SPORTS™ FIFA 20,26
926,12/24/20,Finland,Gears 5,27
927,12/24/20,Finland,F1 2020,28
928,12/24/20,Finland,ARK: Survival Evolved,29
929,12/24/20,Finland,Control,30
930,12/24/20,Finland,Halo: The Master Chief Collection,31
931,12/24/20,Finland,FIFA 21 Xbox Series X|S,32
932,12/24/20,Finland,Dead by Daylight: Special Edition,33
933,12/24/20,Finland,Fallout 76,34
934,12/24/20,Finland,Forza Motorsport 7,35
935,12/24/20,Finland,The Elder Scrolls Online: Tamriel Unlimited,36
936,12/24/20,Finland,SnowRunner,37
937,12/24/20,Finland,The Witcher 3: Wild Hunt,38
938,12/24/20,Finland,NBA 2K21,39
939,12/24/20,Finland,Farming Simulator 19,40
940,12/24/20,Finland,Sea of Thieves,41
941,12/24/20,Finland,Battlefield™ 1,42
942,12/24/20,Finland,FOR HONOR™ Standard Edition,43
943,12/24/20,Finland,Borderlands 3,44
944,12/24/20,Finland,World of Warships: Legends,45
945,12/24/20,Finland,Warframe,46
946,12/24/20,Finland,Assassin's Creed® Origins,47
947,12/24/20,Finland,Tom Clancy's The Division® 2,48
948,12/24/20,Finland,Watch Dogs Legion,49
949,12/24/20,Finland,The Witcher 3: Wild Hunt – Game of the Year Edition,50
950,12/24/20,Saudi Arabia,Fortnite,1
951,12/24/20,Saudi Arabia,Call of Duty®: Modern Warfare®,2
952,12/24/20,Saudi Arabia,FIFA 21 Xbox One,3
953,12/24/20,Saudi Arabia,Rocket League®,4
954,12/24/20,Saudi Arabia,Forza Horizon 4,5
955,12/24/20,Saudi Arabia,ROBLOX,6
956,12/24/20,Saudi Arabia,إصدار Origins من Overwatch®‎,7
957,12/24/20,Saudi Arabia,Minecraft,8
958,12/24/20,Saudi Arabia,Apex Legends™‎,9
959,12/24/20,Saudi Arabia,Destiny 2,10
960,12/24/20,Saudi Arabia,EA SPORTS™ FIFA 20,11
961,12/24/20,Saudi Arabia,Cyberpunk 2077,12
962,12/24/20,Saudi Arabia,Tom Clancy's Rainbow Six Siege,13
963,12/24/20,Saudi Arabia,Red Dead Redemption 2,14
964,12/24/20,Saudi Arabia,Forza Horizon 3,15
965,12/24/20,Saudi Arabia,FIFA 21 Xbox Series X|S,16
966,12/24/20,Saudi Arabia,Forza Horizon 2,17
967,12/24/20,Saudi Arabia,Call of Duty®: Black Ops Cold War - Xbox Series X|S,18
968,12/24/20,Saudi Arabia,ARK: Survival Evolved,19
969,12/24/20,Saudi Arabia,Dead by Daylight: Special Edition,20
970,12/24/20,Saudi Arabia,Gears 5,21
971,12/24/20,Saudi Arabia,Battlefield™ V,22
972,12/24/20,Saudi Arabia,PLAYERUNKNOWN'S BATTLEGROUNDS,23
973,12/24/20,Saudi Arabia,FIFA 19,24
974,12/24/20,Saudi Arabia,Control,25
975,12/24/20,Saudi Arabia,Sea of Thieves,26
976,12/24/20,Saudi Arabia,Tom Clancy's The Division® 2,27
977,12/24/20,Saudi Arabia,FOR HONOR™ Standard Edition,28
978,12/24/20,Saudi Arabia,Battlefield™ 1,29
979,12/24/20,Saudi Arabia,Warframe,30
980,12/24/20,Saudi Arabia,The Elder Scrolls V: Skyrim Special Edition,31
981,12/24/20,Saudi Arabia,Rec Room,32
982,12/24/20,Saudi Arabia,STAR WARS Jedi: Fallen Order™‎,33
983,12/24/20,Saudi Arabia,Forza Motorsport 7,34
984,12/24/20,Saudi Arabia,Battlefield 4,35
985,12/24/20,Saudi Arabia,SnowRunner,36
986,12/24/20,Saudi Arabia,Brawlhalla,37
987,12/24/20,Saudi Arabia,MONSTER HUNTER: WORLD™,38
988,12/24/20,Saudi Arabia,Crash™ Team Racing Nitro-Fueled,39
989,12/24/20,Saudi Arabia,TEKKEN 7,40
990,12/24/20,Saudi Arabia,Call of Duty®: Black Ops 4,41
991,12/24/20,Saudi Arabia,FIFA 18,42
992,12/24/20,Saudi Arabia,Need for Speed™ Heat,43
993,12/24/20,Saudi Arabia,eFootball PES 2021 SEASON UPDATE,44
994,12/24/20,Saudi Arabia,Assassin's Creed® Odyssey,45
995,12/24/20,Saudi Arabia,NBA 2K21,46
996,12/24/20,Saudi Arabia,Crash Bandicoot™ N. Sane Trilogy,47
997,12/24/20,Saudi Arabia,Rogue Company,48
998,12/24/20,Saudi Arabia,Human Fall Flat,49
999,12/24/20,Saudi Arabia,Watch Dogs Legion,50
1000,12/24/20,Austria,Call of Duty®: Modern Warfare®,1
1001,12/24/20,Austria,Fortnite,2
1002,12/24/20,Austria,Grand Theft Auto V,3
1003,12/24/20,Austria,Cyberpunk 2077,4
1004,12/24/20,Austria,FIFA 21 Xbox One,5
1005,12/24/20,Austria,Tom Clancy's Rainbow Six Siege,6
1006,12/24/20,Austria,Rocket League®,7
1007,12/24/20,Austria,Forza Horizon 4,8
1008,12/24/20,Austria,Destiny 2,9
1009,12/24/20,Austria,Call of Duty®: Black Ops Cold War - Xbox Series X|S,10
1010,12/24/20,Austria,Minecraft,11
1011,12/24/20,Austria,Apex Legends™,12
1012,12/24/20,Austria,ARK: Survival Evolved,13
1013,12/24/20,Austria,Red Dead Redemption 2,14
1014,12/24/20,Austria,FIFA 21 Xbox Series X|S,15
1015,12/24/20,Austria,Landwirtschafts-Simulator 19,16
1016,12/24/20,Austria,ROBLOX,17
1017,12/24/20,Austria,EA SPORTS™ FIFA 20,18
1018,12/24/20,Austria,The Elder Scrolls Online: Tamriel Unlimited,19
1019,12/24/20,Austria,F1 2020,20
1020,12/24/20,Austria,Battlefield™ V,21
1021,12/24/20,Austria,Gears 5,22
1022,12/24/20,Austria,The Elder Scrolls V: Skyrim Special Edition,23
1023,12/24/20,Austria,World of Tanks,24
1024,12/24/20,Austria,Assassin's Creed® Odyssey,25
1025,12/24/20,Austria,Dead by Daylight: Special Edition,26
1026,12/24/20,Austria,STAR WARS Jedi: Fallen Order™,27
1027,12/24/20,Austria,Fallout 76,28
1028,12/24/20,Austria,Immortals Fenyx Rising™,29
1029,12/24/20,Austria,STAR WARS™ Battlefront™ II,30
1030,12/24/20,Austria,FOR HONOR™ Standard Edition,31
1031,12/24/20,Austria,Tom Clancy's The Division® 2,32
1032,12/24/20,Austria,Overwatch® Origins Edition,33
1033,12/24/20,Austria,Forza Motorsport 7,34
1034,12/24/20,Austria,Watch Dogs: Legion,35
1035,12/24/20,Austria,PLAYERUNKNOWN'S BATTLEGROUNDS,36
1036,12/24/20,Austria,Sea of Thieves,37
1037,12/24/20,Austria,World of Warships: Legends,38
1038,12/24/20,Austria,Call of Duty®: Black Ops 4,39
1039,12/24/20,Austria,Need for Speed™ Heat,40
1040,12/24/20,Austria,SnowRunner,41
1041,12/24/20,Austria,Assassin's Creed® Origins,42
1042,12/24/20,Austria,Halo: The Master Chief Collection,43
1043,12/24/20,Austria,The Witcher 3: Wild Hunt,44
1044,12/24/20,Austria,Borderlands 3,45
1045,12/24/20,Austria,SMITE,46
1046,12/24/20,Austria,Die Sims™ 4,47
1047,12/24/20,Austria,DRAGON QUEST® XI S: Streiter des Schicksals - Definitive Edition,48
1048,12/24/20,Austria,Control,49
1049,12/24/20,Austria,MONSTER HUNTER: WORLD™,50
1050,12/24/20,Switizerland,Call of Duty®: Modern Warfare®,1
1051,12/24/20,Switizerland,Fortnite,2
1052,12/24/20,Switizerland,Cyberpunk 2077,3
1053,12/24/20,Switizerland,Grand Theft Auto V,4
1054,12/24/20,Switizerland,Rocket League®,5
1055,12/24/20,Switizerland,FIFA 21 Xbox One,6
1056,12/24/20,Switizerland,Forza Horizon 4,7
1057,12/24/20,Switizerland,Destiny 2,8
1058,12/24/20,Switizerland,Tom Clancy's Rainbow Six Siege,9
1059,12/24/20,Switizerland,Call of Duty®: Black Ops Cold War - Xbox Series X|S,10
1060,12/24/20,Switizerland,Apex Legends™,11
1061,12/24/20,Switizerland,Red Dead Redemption 2,12
1062,12/24/20,Switizerland,Minecraft,13
1063,12/24/20,Switizerland,ARK: Survival Evolved,14
1064,12/24/20,Switizerland,Battlefield™ V,15
1065,12/24/20,Switizerland,EA SPORTS™ FIFA 20,16
1066,12/24/20,Switizerland,FIFA 21 Xbox Series X|S,17
1067,12/24/20,Switizerland,Assassin's Creed® Odyssey,18
1068,12/24/20,Switizerland,Gears 5,19
1069,12/24/20,Switizerland,Sea of Thieves,20
1070,12/24/20,Switizerland,ROBLOX,21
1071,12/24/20,Switizerland,F1 2020,22
1072,12/24/20,Switizerland,Overwatch® Origins Edition,23
1073,12/24/20,Switizerland,Forza Motorsport 7,24
1074,12/24/20,Switizerland,PLAYERUNKNOWN'S BATTLEGROUNDS,25
1075,12/24/20,Switizerland,Halo: The Master Chief Collection,26
1076,12/24/20,Switizerland,The Elder Scrolls Online: Tamriel Unlimited,27
1077,12/24/20,Switizerland,Immortals Fenyx Rising™,28
1078,12/24/20,Switizerland,Landwirtschafts-Simulator 19,29
1079,12/24/20,Switizerland,The Elder Scrolls V: Skyrim Special Edition,30
1080,12/24/20,Switizerland,STAR WARS™ Battlefront™ II,31
1081,12/24/20,Switizerland,STAR WARS Jedi: Fallen Order™,32
1082,12/24/20,Switizerland,Need for Speed™ Heat,33
1083,12/24/20,Switizerland,Dead by Daylight: Special Edition,34
1084,12/24/20,Switizerland,Fallout 76,35
1085,12/24/20,Switizerland,The Witcher 3: Wild Hunt,36
1086,12/24/20,Switizerland,Watch Dogs: Legion,37
1087,12/24/20,Switizerland,The Witcher 3: Wild Hunt – Game of the Year Edition,38
1088,12/24/20,Switizerland,Warframe,39
1089,12/24/20,Switizerland,World of Tanks,40
1090,12/24/20,Switizerland,Tom Clancy's The Division® 2,41
1091,12/24/20,Switizerland,Halo 5: Guardians,42
1092,12/24/20,Switizerland,DRAGON QUEST® XI S: Streiter des Schicksals - Definitive Edition,43
1093,12/24/20,Switizerland,FIFA 19,44
1094,12/24/20,Switizerland,NBA 2K21,45
1095,12/24/20,Switizerland,eFootball PES 2021 SEASON UPDATE,46
1096,12/24/20,Switizerland,Assassin's Creed® Origins,47
1097,12/24/20,Switizerland,Die Sims™ 4,48
1098,12/24/20,Switizerland,Borderlands 3,49
1099,12/24/20,Switizerland,MONSTER HUNTER: WORLD™,50
1100,12/24/20,Russia,Fortnite,1
1101,12/24/20,Russia,Grand Theft Auto V,2
1102,12/24/20,Russia,Cyberpunk 2077,3
1103,12/24/20,Russia,Call of Duty®: Modern Warfare®,4
1104,12/24/20,Russia,FIFA 21 Xbox One,5
1105,12/24/20,Russia,Forza Horizon 4,6
1106,12/24/20,Russia,World of Tanks,7
1107,12/24/20,Russia,EA SPORTS™ FIFA 20,8
1108,12/24/20,Russia,Red Dead Redemption 2,9
1109,12/24/20,Russia,Minecraft,10
1110,12/24/20,Russia,Tom Clancy's Rainbow Six Siege,11
1111,12/24/20,Russia,Ведьмак 3: Дикая Охота,12
1112,12/24/20,Russia,Apex Legends™,13
1113,12/24/20,Russia,ROBLOX,14
1114,12/24/20,Russia,Destiny 2,15
1115,12/24/20,Russia,The Elder Scrolls V: Skyrim Special Edition,16
1116,12/24/20,Russia,«Ведьмак 3: Дикая Охота» — издание «Игра года»,17
1117,12/24/20,Russia,EA SPORTS™ UFC® 3,18
1118,12/24/20,Russia,Gears 5,19
1119,12/24/20,Russia,ЗВЁЗДНЫЕ ВОЙНЫ Джедаи: Павший Орден™,20
1120,12/24/20,Russia,Assassin's Creed® Одиссея,21
1121,12/24/20,Russia,Rocket League®,22
1122,12/24/20,Russia,Battlefield™ V,23
1123,12/24/20,Russia,Mortal Kombat 11,24
1124,12/24/20,Russia,Warface,25
1125,12/24/20,Russia,Control,26
1126,12/24/20,Russia,PLAYERUNKNOWN'S BATTLEGROUNDS,27
1127,12/24/20,Russia,FIFA 19,28
1128,12/24/20,Russia,Far Cry® 5,29
1129,12/24/20,Russia,STAR WARS™ Battlefront™ II,30
1130,12/24/20,Russia,Dead by Daylight: Special Edition,31
1131,12/24/20,Russia,Call of Duty®: Black Ops Cold War - Xbox Series X|S,32
1132,12/24/20,Russia,Need for Speed™ Heat,33
1133,12/24/20,Russia,War Thunder,34
1134,12/24/20,Russia,FIFA 18,35
1135,12/24/20,Russia,Assassin's Creed® Истоки,36
1136,12/24/20,Russia,eFootball PES 2021 SEASON UPDATE,37
1137,12/24/20,Russia,Battlefield™ 1,38
1138,12/24/20,Russia,Fallout 76,39
1139,12/24/20,Russia,Sea of Thieves,40
1140,12/24/20,Russia,FIFA 21 Xbox Series X|S,41
1141,12/24/20,Russia,Black Desert,42
1142,12/24/20,Russia,Tom Clancy's The Division® 2,43
1143,12/24/20,Russia,ARK: Survival Evolved,44
1144,12/24/20,Russia,Fallout 4,45
1145,12/24/20,Russia,GreedFall,46
1146,12/24/20,Russia,NHL™ 20,47
1147,12/24/20,Russia,Metro Exodus,48
1148,12/24/20,Russia,DOOM Eternal (BATTLEMODE),49
1149,12/24/20,Russia,Need for Speed™ Payback,50